ID,Bug Line,Explanation
16,1,"The bug is due to an incorrect vector edit mode `TA::VECD` being used. According to the documentation, `VTT` mode should be used when `rdi.smartVec().label().copyLabel()` is used for the label. The edit mode should be set to `TA::VTT` for correct runtime editing."
32,3,"The bug occurs because multiple burst calls are made on a MULTI_PORT in line 3. According to the documentation, the `burst()` function allows multi-port labels to be combined to form a new burst, and it is used for dynamic mode in the `func()` class only, implying that only one burst call should be made."
25,5,"The bug occurs because `RDI_END()` is called on line 5 before `RDI_BEGIN()` is called on line 7. According to the documentation, `RDI_INIT()` (or in this case, `RDI_BEGIN()`) must be called before `RDI_END()`. This incorrect ordering disrupts the lifecycle of the RDI operations."
10,2,"The bug is caused by the incorrect ordering of RDI_BEGIN and RDI_END macros. In the provided code, RDI_BEGIN is correctly placed at line 1, but the documentation suggests that the correct syntax is `rdi.emap().FFV(int startCycle);` which implies that RDI_BEGIN should encompass the entire emap configuration, however in given code `RDI_BEGIN()` and `RDI_END()` seems correct. Yet `rdi.pmux(4).module(""02"").readHumanSeniority().execute();` seems to be incorrectly used with `rdi.id(4).getHumanSeniority(""02)` which uses different api."
26,5,"The bug occurs on line 5 where `addWaveform(wav3, 2)` adds the same waveform (`wav3`) multiple times, which may not be the intended behavior. According to the documentation, `addWaveform()` allows adding one or more waveforms in an execute operation, but repeating a waveform without a clear intention may lead to unexpected results. The default repeat number is 1, implying a single addition is expected."
23,4,The bug is on line 4 where the `readMode()` function is called with an incorrect enum value `TA::EMAP` instead of the expected `TA::VECD` for `vecEditMode`. This mismatch causes the read mode to be set incorrectly.
4,3,"The bug is likely due to the misordered method calls `vForceRange(30 V)` and `iForceRange(50 mA)` on line 3. According to the documentation, the correct sequence is to set the voltage force range before setting other parameters. The corrected code should have `vForceRange(30 V)` called before `iForceRange(50 mA)`."
31,9,"The bug is on line 9 where the `burstRunTime` parameter is set to an integer value `200`, which is incorrect. According to the documentation, `burstRunTime` should be a string label. This incorrect value will likely cause issues with generating and executing burst labels during runtime."
17,1,"The bug is due to incorrect lifecycle order, specifically the RDI_BEGIN() and RDI_END() macros. The RDI_BEGIN() macro is used on line 1 to start a test case, but it seems to be correctly ordered with RDI_END() on line 6. However, there might be some missing or misplaced RDI macros in the actual code not shown here."
27,5,"The bug occurs because the pin configuration is changed between `imeasRange()` and `imeas.write()`. On line 2, the pin is set to ""DPS_1,DPS_2"" for `imeasRange()`, but on line 5, the pin is changed to ""DPS_0,DPS_1"" for `imeas.write()`, causing a pin mismatch. This is incorrect because different types of pins should not be specified in the same function, and pin changes should be done in separate functions within the same RDI block."
24,3,"The bug is caused by a typo in the method name `interS`, which should likely be `interval`. The correct method call is missing or incorrectly named, resulting in a wrong parameter value. The correct method name is not listed in the provided documentation but based on the context and common naming conventions, it seems likely."
14,3,"The `iForce` parameter value of 0 seems incorrect as it may be out of range or in the wrong unit, as the `iRange` function suggests a non-zero value (e.g., 1 mA) for measuring current. Typically, a non-zero current forcing value is required for accurate measurements. A valid range should be specified according to the device's capabilities."
9,3,"The bug is caused by unbalanced RDI lifecycle methods. The `RDI_BEGIN()` method is missing, which is required to be used in conjunction with `RDI_END()`. The correct usage is to have `RDI_BEGIN()` and `RDI_END()` implemented together, but only `RDI_END()` is called twice on line 3."
13,3,"The bug is caused by a misspelled API method name ""getVesjkctor"", which is not recognized. According to the documentation, the correct method name is not provided, but it seems to be related to the `rdi.route().pin()` method. The correct method call should be replaced to match the documented API."
22,5,"The bug occurs because `RDI_END()` is called on line 5 before the temperature threshold is read on line 7. According to the documentation, `RDI_END()` finalizes the RDI command sequence, so calling it before reading the threshold value causes the sequence to end prematurely, preventing the threshold value from being retrieved. The `RDI_END()` call should be moved to after the threshold value is read."
29,6,"The bug `pin_mismatch` occurs because the pin `P0x08F1` is not used in previous operations, thus its status is not defined. According to the documentation, `rdi.route().retrievePmuxPinStatus()` requires a pin name that has been defined in the routing setup file. The code only sets and retrieves the status of pins `P0x01F1` and `P0x07F1`, but not `P0x08F1`."
2,3,"The bug is located at line 3, where an unusual voltage range of 35 V is specified for the VS pin using `vForceRange(35 V)`. According to the documentation, the LDO output pin is typically forced to a voltage level a little above the output voltage of the LDO regulator, which is around 24 V, not 35 V. This unusual voltage range may cause incorrect behavior or errors."
20,1,"The bug occurs because the `digCapBurstSiteUpload` method is incorrectly set to `false`, disabling the burst site upload capacity for digital capture results. According to the documentation, this method provides local control over burst site upload, overriding the global setting. The incorrect value likely causes suboptimal performance for digital capture results with high site counts."
11,2,"The `iMeans()` function seems misplaced in the code, as it is typically used to specify the number of samples for averaging, not to set a measurement type. The correct order should be to set the range before taking a measurement, thus `iRange(2 mAh)` should be followed by `iMeans()` or other measurement setting. The correct line should likely be `rdi.dc().pin(""dig1"").vForce(1).iRange(2 mAh).iMeans().execute();`."
3,4,"The bug is that the `vForceRange` is set to 30 V on line 4, which seems too low for the `vForce` value of 31 V. According to the documentation, this could lead to issues as the voltage exceeds the programmed range. The `vForceRange` should be set to a value that can accommodate the `vForce` value."
